LogMonth,Namespace,Freq
201903,-1,5177
201903,0,37653
201903,1,200
201903,2,1636
201903,3,604
201903,4,159
201903,5,13
201903,6,7
201903,10,98
201903,11,8
201903,14,5
201903,15,2
201903,100,4
201903,118,313
201903,119,11
201903,828,1
201902,-1,25658
201902,0,197552
201902,1,727
201902,2,8281
201902,3,2086
201902,4,679
201902,5,63
201902,6,65
201902,9,2
201902,10,503
201902,11,1
201902,13,1
201902,14,34
201902,15,6
201902,100,3
201902,101,4
201902,108,1
201902,118,929
201902,119,5
201902,828,4
201902,829,2
201901,-1,28205
201901,0,209201
201901,1,1064
201901,2,8605
201901,3,2588
201901,4,1204
201901,5,45
201901,6,59
201901,7,1
201901,9,2
201901,10,610
201901,14,70
201901,15,1
201901,100,14
201901,101,2
201901,118,973
201901,119,16
201901,828,8
201812,-1,35507
201812,0,175839
201812,1,698
201812,2,9150
201812,3,2440
201812,4,939
201812,5,47
201812,6,120
201812,7,3
201812,9,1
201812,10,570
201812,11,2
201812,12,2
201812,13,3
201812,14,70
201812,100,13
201812,109,1
201812,118,862
201812,119,13
201812,710,1
201812,828,6
201811,-1,35907
201811,0,201710
201811,1,748
201811,2,8064
201811,3,2464
201811,4,3029
201811,5,42
201811,6,111
201811,7,4
201811,8,36
201811,10,172
201811,11,11
201811,12,3
201811,13,1
201811,14,48
201811,15,2
201811,100,13
201811,101,3
201811,118,835
201811,119,21
201811,710,1
201811,828,8
201810,-1,37984
201810,0,203277
201810,1,741
201810,2,8549
201810,3,3662
201810,4,724
201810,5,171
201810,6,114
201810,7,1
201810,9,18
201810,10,61
201810,11,43
201810,12,3
201810,13,2
201810,14,27
201810,15,6
201810,100,20
201810,101,3
201810,108,3
201810,118,991
201810,119,32
201810,828,6
201809,-1,40069
201809,0,176743
201809,1,861
201809,2,8121
201809,3,2437
201809,4,397
201809,5,43
201809,6,62
201809,7,4
201809,9,1
201809,10,118
201809,11,14
201809,13,4
201809,14,46
201809,15,2
201809,100,97
201809,101,2
201809,118,1321
201809,119,11
201809,828,1
201808,-1,41081
201808,0,156429
201808,1,665
201808,2,11927
201808,3,2907
201808,4,769
201808,5,51
201808,6,100
201808,7,4
201808,10,194
201808,11,14
201808,12,3
201808,13,1
201808,14,128
201808,15,4
201808,100,42
201808,101,5
201808,118,1689
201808,119,29
201808,828,1
201808,829,2
201807,-1,38462
201807,0,148955
201807,1,829
201807,2,10947
201807,3,3186
201807,4,739
201807,5,101
201807,6,95
201807,7,18
201807,10,246
201807,11,10
201807,13,10
201807,14,247
201807,15,14
201807,100,11
201807,101,2
201807,108,2
201807,118,1576
201807,119,22
201807,828,5
201806,-1,33561
201806,0,160224
201806,1,721
201806,2,8830
201806,3,2999
201806,4,729
201806,5,118
201806,6,73
201806,7,2
201806,10,151
201806,11,24
201806,12,8
201806,13,3
201806,14,416
201806,15,2
201806,100,38
201806,101,1
201806,118,1457
201806,119,17
201805,-1,33542
201805,0,192717
201805,1,620
201805,2,7172
201805,3,2402
201805,4,385
201805,5,38
201805,6,68
201805,10,141
201805,11,6
201805,12,6
201805,13,1
201805,14,24
201805,15,4
201805,100,39
201805,101,1
201805,118,1049
201805,119,18
201805,828,2
201804,-1,25387
201804,0,203923
201804,1,871
201804,2,7986
201804,3,3360
201804,4,432
201804,5,65
201804,6,60
201804,7,1
201804,10,82
201804,11,2
201804,12,1
201804,14,72
201804,15,4
201804,100,10
201804,101,11
201804,118,568
201804,119,20
201804,710,1
201804,828,1
201803,-1,21749
201803,0,216190
201803,1,1235
201803,2,9096
201803,3,3580
201803,4,1696
201803,5,46
201803,6,740
201803,7,2
201803,9,1
201803,10,164
201803,11,9
201803,12,2
201803,13,6
201803,14,55
201803,15,7
201803,100,66
201803,101,4
201803,108,1
201803,118,762
201803,119,18
201803,828,2
201802,-1,16599
201802,0,185758
201802,1,926
201802,2,6907
201802,3,2103
201802,4,408
201802,5,44
201802,6,43
201802,7,1
201802,10,59
201802,11,1
201802,12,2
201802,13,2
201802,14,42
201802,15,5
201802,100,9
201802,109,2
201802,118,626
201802,119,10
201802,828,1
201801,-1,28168
201801,0,194583
201801,1,957
201801,2,7713
201801,3,2912
201801,4,381
201801,5,54
201801,6,64
201801,7,2
201801,9,11
201801,10,88
201801,11,6
201801,12,1
201801,13,1
201801,14,39
201801,15,8
201801,100,10
201801,109,1
201801,118,688
201801,119,16
201801,828,2
201712,-1,17353
201712,0,184035
201712,1,751
201712,2,7262
201712,3,2637
201712,4,372
201712,5,73
201712,6,53
201712,7,1
201712,9,1
201712,10,41
201712,11,4
201712,13,12
201712,14,41
201712,15,7
201712,100,10
201712,101,3
201712,118,673
201712,119,28
201712,710,1
201712,828,1
201711,-1,19531
201711,0,218200
201711,1,1360
201711,2,9254
201711,3,3329
201711,4,1269
201711,5,125
201711,6,185
201711,7,5
201711,10,234
201711,11,32
201711,13,2
201711,14,141
201711,15,16
201711,100,24
201711,101,6
201711,108,1
201711,109,4
201711,118,924
201711,119,25
201711,710,1
201711,828,3
201710,-1,16319
201710,0,195532
201710,1,963
201710,2,7326
201710,3,2287
201710,4,536
201710,5,87
201710,6,64
201710,7,8
201710,10,81
201710,11,9
201710,12,4
201710,13,2
201710,14,131
201710,15,7
201710,100,17
201710,101,2
201710,109,1
201710,118,836
201710,119,32
201709,-1,15681
201709,0,184323
201709,1,943
201709,2,6971
201709,3,3014
201709,4,701
201709,5,67
201709,6,55
201709,7,8
201709,10,132
201709,11,20
201709,12,2
201709,14,71
201709,15,20
201709,100,20
201709,101,3
201709,108,2
201709,109,7
201709,118,743
201709,119,7
201708,-1,15165
201708,0,167985
201708,1,836
201708,2,7157
201708,3,2792
201708,4,752
201708,5,82
201708,6,62
201708,10,179
201708,11,38
201708,12,1
201708,14,66
201708,15,6
201708,100,14
201708,101,3
201708,109,4
201708,118,449
201708,119,2
201707,-1,15231
201707,0,150939
201707,1,607
201707,2,6240
201707,3,2561
201707,4,504
201707,5,96
201707,6,49
201707,7,4
201707,9,1
201707,10,89
201707,11,3
201707,12,2
201707,13,2
201707,14,22
201707,15,1
201707,100,4
201707,101,1
201707,118,414
201707,119,8
201706,-1,13255
201706,0,160759
201706,1,800
201706,2,6438
201706,3,2085
201706,4,474
201706,5,54
201706,6,48
201706,7,1
201706,10,58
201706,11,20
201706,12,2
201706,14,15
201706,15,1
201706,100,6
201706,108,1
201706,118,375
201706,119,14
201705,-1,13999
201705,0,206430
201705,1,837
201705,2,5956
201705,3,2757
201705,4,652
201705,5,103
201705,6,43
201705,7,3
201705,9,8
201705,10,41
201705,11,8
201705,14,22
201705,15,4
201705,100,3
201705,101,1
201705,108,1
201705,118,371
201705,119,11
201704,-1,11010
201704,0,194665
201704,1,780
201704,2,10053
201704,3,6832
201704,4,930
201704,5,175
201704,6,42
201704,7,2
201704,10,144
201704,11,7
201704,12,4
201704,13,3
201704,14,44
201704,100,18
201704,101,2
201704,108,2
201704,118,446
201704,119,17
201703,-1,16348
201703,0,225726
201703,1,1072
201703,2,9260
201703,3,3051
201703,4,826
201703,5,118
201703,6,59
201703,7,7
201703,10,62
201703,11,19
201703,12,11
201703,13,2
201703,14,36
201703,15,9
201703,100,5
201703,101,1
201703,108,1
201703,109,1
201703,118,459
201703,119,8
201702,-1,17637
201702,0,214595
201702,1,968
201702,2,8575
201702,3,3077
201702,4,725
201702,5,70
201702,6,72
201702,7,4
201702,9,1
201702,10,47
201702,11,16
201702,14,21
201702,15,9
201702,100,7
201702,101,1
201702,118,366
201702,119,8
201701,-1,27307
201701,0,214423
201701,1,979
201701,2,9302
201701,3,3385
201701,4,646
201701,5,146
201701,6,83
201701,7,10
201701,9,4
201701,10,118
201701,11,19
201701,12,3
201701,14,29
201701,15,1
201701,100,8
201701,118,451
201701,119,11
201612,-1,24943
201612,0,188946
201612,1,547
201612,2,8149
201612,3,3096
201612,4,351
201612,5,67
201612,6,76
201612,7,6
201612,10,30
201612,11,37
201612,12,1
201612,13,2
201612,14,19
201612,15,3
201612,100,5
201612,101,5
201612,118,392
201612,119,5
201611,-1,26131
201611,0,222022
201611,1,776
201611,2,5848
201611,3,2559
201611,4,495
201611,5,58
201611,6,75
201611,7,9
201611,10,196
201611,11,14
201611,12,1
201611,14,20
201611,15,10
201611,100,11
201611,101,3
201611,118,416
201611,119,11
201610,-1,25667
201610,0,220850
201610,1,1034
201610,2,3178
201610,3,2099
201610,4,458
201610,5,85
201610,6,80
201610,7,48
201610,10,173
201610,11,15
201610,13,1
201610,14,17
201610,15,3
201610,100,11
201610,101,2
201610,108,3
201610,118,341
201610,119,5
201609,-1,24912
201609,0,206234
201609,1,920
201609,2,2823
201609,3,2340
201609,4,439
201609,5,131
201609,6,53
201609,7,16
201609,9,1
201609,10,161
201609,11,16
201609,13,5
201609,14,24
201609,100,5
201609,101,4
201609,118,317
201609,119,4
201609,828,1
201608,-1,22140
201608,0,163800
201608,1,726
201608,2,2878
201608,3,1732
201608,4,451
201608,5,98
201608,6,36
201608,7,10
201608,10,341
201608,11,15
201608,12,3
201608,13,7
201608,14,35
201608,15,8
201608,100,11
201608,101,5
201608,118,377
201608,119,6
201608,828,2
201607,-1,19216
201607,0,145391
201607,1,702
201607,2,2867
201607,3,2110
201607,4,490
201607,5,98
201607,6,60
201607,7,2
201607,9,1
201607,10,201
201607,11,8
201607,12,4
201607,13,4
201607,14,35
201607,100,7
201607,101,1
201607,118,362
201607,119,8
201606,-1,14563
201606,0,177447
201606,1,830
201606,2,3618
201606,3,2729
201606,4,609
201606,5,574
201606,6,45
201606,7,76
201606,10,169
201606,11,672
201606,12,4
201606,13,6
201606,14,30
201606,15,2
201606,100,4
201606,101,1
201606,118,475
201606,119,13
201605,-1,37732
201605,0,243259
201605,1,1041
201605,2,5125
201605,3,3172
201605,4,593
201605,5,725
201605,6,91
201605,7,449
201605,9,11
201605,10,222
201605,11,838
201605,12,4
201605,13,10
201605,14,40
201605,15,11
201605,100,24
201605,101,8
201605,108,5
201605,118,912
201605,119,4
201604,-1,52157
201604,0,246787
201604,1,1025
201604,2,6967
201604,3,4647
201604,4,813
201604,5,2462
201604,6,67
201604,7,458
201604,9,1
201604,10,237
201604,11,2833
201604,12,2
201604,14,54
201604,15,14
201604,100,20
201604,101,2
201604,118,916
201604,119,11
201604,829,1
201603,-1,51835
201603,0,285995
201603,1,1192
201603,2,7909
201603,3,5802
201603,4,679
201603,5,2222
201603,6,58
201603,7,644
201603,9,1
201603,10,204
201603,11,2654
201603,12,8
201603,13,3
201603,14,42
201603,15,20
201603,100,16
201603,101,1
201603,118,1040
201603,119,2
201602,-1,67744
201602,0,282309
201602,1,1271
201602,2,6999
201602,3,2860
201602,4,388
201602,5,1390
201602,6,69
201602,7,377
201602,10,214
201602,11,1966
201602,12,12
201602,13,2
201602,14,39
201602,15,14
201602,100,4
201602,101,4
201602,108,1
201602,118,955
201602,119,19
201601,-1,71929
201601,0,279788
201601,1,1393
201601,2,6883
201601,3,4766
201601,4,470
201601,5,2723
201601,6,79
201601,7,1038
201601,9,2
201601,10,196
201601,11,2602
201601,12,9
201601,13,3
201601,14,53
201601,15,31
201601,100,14
201601,101,4
201601,118,901
201601,119,22
201601,829,1
201512,-1,61383
201512,0,228358
201512,1,1073
201512,2,7172
201512,3,5678
201512,4,611
201512,5,780
201512,6,53
201512,7,235
201512,9,2
201512,10,164
201512,11,587
201512,12,1
201512,13,1
201512,14,53
201512,15,10
201512,100,10
201512,101,1
201512,118,820
201512,119,11
201511,-1,62530
201511,0,260650
201511,1,1231
201511,2,7692
201511,3,2195
201511,4,349
201511,5,1095
201511,6,78
201511,7,450
201511,9,4
201511,10,30
201511,11,861
201511,12,3
201511,14,65
201511,15,8
201511,100,12
201511,101,7
201511,118,867
201511,119,2
201510,-1,8547
201510,0,239956
201510,1,814
201510,2,5235
201510,3,9128
201510,4,522
201510,5,83
201510,6,81
201510,7,15
201510,10,35
201510,11,14
201510,12,1
201510,13,4
201510,14,35
201510,15,9
201510,100,9
201510,101,12
201510,108,1
201510,118,461
201510,119,2
201510,710,1
201510,828,1
201509,-1,6110
201509,0,230615
201509,1,1054
201509,2,5834
201509,3,27797
201509,4,717
201509,5,78
201509,6,88
201509,7,26
201509,10,41
201509,11,25
201509,13,1
201509,14,36
201509,100,9
201509,101,1
201509,118,325
201509,119,5
201509,828,3
201508,-1,13778
201508,0,193228
201508,1,720
201508,2,4858
201508,3,1652
201508,4,196
201508,5,65
201508,6,63
201508,7,22
201508,10,48
201508,11,10
201508,12,3
201508,13,2
201508,14,29
201508,15,2
201508,100,24
201508,101,3
201508,118,491
201508,119,9
201507,-1,5504
201507,0,193980
201507,1,594
201507,2,4218
201507,3,1934
201507,4,190
201507,5,79
201507,6,61
201507,7,12
201507,10,24
201507,11,20
201507,12,1
201507,13,1
201507,14,54
201507,15,7
201507,118,942
201507,119,5
201506,-1,5752
201506,0,223999
201506,1,776
201506,2,3607
201506,3,1958
201506,4,167
201506,5,120
201506,6,72
201506,7,27
201506,10,45
201506,11,27
201506,12,2
201506,13,3
201506,14,46
201506,15,2
201506,100,6
201506,101,2
201506,118,295
201506,119,9
201506,828,1
201505,-1,6437
201505,0,235981
201505,1,919
201505,2,3651
201505,3,1964
201505,4,375
201505,5,108
201505,6,64
201505,7,15
201505,10,72
201505,11,30
201505,14,43
201505,15,1
201505,100,7
201505,101,9
201505,118,331
201505,119,4
201505,829,1
201504,-1,9857
201504,0,183874
201504,1,705
201504,2,4229
201504,3,1884
201504,4,333
201504,5,156
201504,6,79
201504,7,42
201504,10,62
201504,11,12
201504,12,1
201504,13,2
201504,14,56
201504,15,7
201504,100,11
201504,101,3
201504,118,271
201504,119,18
201503,-1,6648
201503,0,173736
201503,1,959
201503,2,4095
201503,3,1887
201503,4,302
201503,5,135
201503,6,87
201503,7,16
201503,10,63
201503,11,16
201503,13,18
201503,14,17
201503,15,9
201503,100,34
201503,101,1
201503,118,270
201503,119,2
201503,447,1
201502,-1,5937
201502,0,148954
201502,1,833
201502,2,4740
201502,3,2038
201502,4,269
201502,5,108
201502,6,93
201502,7,9
201502,10,89
201502,11,15
201502,12,2
201502,13,3
201502,14,31
201502,15,2
201502,100,10
201502,101,5
201502,118,384
201502,119,7
201501,-1,6441
201501,0,147607
201501,1,929
201501,2,4576
201501,3,3082
201501,4,228
201501,5,136
201501,6,65
201501,7,16
201501,10,90
201501,11,35
201501,12,2
201501,14,37
201501,100,13
201501,101,16
201501,118,267
201501,119,6
201501,447,2
201501,710,3
201501,828,1
201412,-1,5565
201412,0,123266
201412,1,780
201412,2,4080
201412,3,2789
201412,4,223
201412,5,119
201412,6,46
201412,7,29
201412,10,66
201412,11,36
201412,13,3
201412,14,31
201412,15,5
201412,100,7
201412,101,9
201412,108,5
201412,118,246
201412,119,7
201412,447,2
201411,-1,5773
201411,0,140202
201411,1,850
201411,2,4021
201411,3,3311
201411,4,203
201411,5,102
201411,6,56
201411,7,7
201411,9,1
201411,10,79
201411,11,31
201411,13,10
201411,14,11
201411,15,6
201411,100,6
201411,101,9
201411,118,245
201411,119,10
201410,-1,5084
201410,0,151209
201410,1,1031
201410,2,4241
201410,3,2925
201410,4,291
201410,5,262
201410,6,83
201410,7,23
201410,8,2
201410,10,106
201410,11,150
201410,13,1
201410,14,21
201410,15,9
201410,100,14
201410,101,5
201410,108,1
201410,118,264
201410,119,8
201410,447,2
201409,-1,4913
201409,0,118665
201409,1,869
201409,2,4100
201409,3,2675
201409,4,320
201409,5,116
201409,6,43
201409,7,13
201409,10,66
201409,11,45
201409,14,28
201409,15,10
201409,100,13
201409,101,2
201409,118,267
201409,119,3
201409,711,2
201408,-1,3996
201408,0,80919
201408,1,671
201408,2,4205
201408,3,2939
201408,4,251
201408,5,142
201408,6,47
201408,7,13
201408,10,74
201408,11,18
201408,12,7
201408,13,4
201408,14,11
201408,15,8
201408,100,6
201408,101,8
201408,108,1
201408,109,2
201408,118,307
201408,119,4
201408,828,3
201407,-1,1487
201407,0,70645
201407,1,557
201407,2,4233
201407,3,3055
201407,4,425
201407,5,174
201407,6,36
201407,7,12
201407,10,69
201407,11,12
201407,13,2
201407,14,12
201407,15,3
201407,100,2
201407,101,3
201407,118,106
201407,447,4
201406,-1,1474
201406,0,84840
201406,1,772
201406,2,4091
201406,3,3055
201406,4,342
201406,5,156
201406,6,51
201406,7,10
201406,10,69
201406,11,16
201406,12,2
201406,14,28
201406,15,2
201406,100,5
201406,101,9
201406,108,1
201406,118,40
201406,119,4
201405,-1,2157
201405,0,121052
201405,1,906
201405,2,4142
201405,3,3508
201405,4,316
201405,5,375
201405,6,86
201405,7,12
201405,10,85
201405,11,10
201405,13,8
201405,14,20
201405,100,36
201405,101,11
201405,118,62
201405,119,1
201405,829,1
201404,-1,1788
201404,0,117571
201404,1,918
201404,2,4342
201404,3,3155
201404,4,347
201404,5,878
201404,6,94
201404,7,23
201404,10,75
201404,11,18
201404,12,2
201404,13,3
201404,14,23
201404,15,8
201404,100,7
201404,101,6
201404,109,2
201403,-1,2378
201403,0,141737
201403,1,1264
201403,2,5344
201403,3,4354
201403,4,605
201403,5,1012
201403,6,139
201403,7,41
201403,9,2
201403,10,76
201403,11,112
201403,12,1
201403,13,4
201403,14,15
201403,15,5
201403,100,10
201403,101,17
201403,118,4
201403,119,1
201403,447,1
201403,828,1
201402,-1,1892
201402,0,134756
201402,1,895
201402,2,3863
201402,3,3141
201402,4,424
201402,5,886
201402,6,101
201402,7,36
201402,10,71
201402,11,52
201402,12,12
201402,13,3
201402,14,29
201402,15,6
201402,100,23
201402,101,8
201401,-1,1620
201401,0,140172
201401,1,981
201401,2,3975
201401,3,3357
201401,4,338
201401,5,1014
201401,6,101
201401,7,34
201401,10,280
201401,11,29
201401,12,36
201401,13,5
201401,14,2
201401,15,3
201401,100,17
201401,118,4
201401,127,2
201312,-1,2156
201312,0,119168
201312,1,851
201312,2,4197
201312,3,2960
201312,4,341
201312,5,1028
201312,6,136
201312,7,30
201312,10,70
201312,11,27
201312,12,17
201312,13,6
201312,14,25
201312,15,7
201312,100,5
201312,101,29
201312,118,1
201311,-1,3110
201311,0,143807
201311,1,925
201311,2,3802
201311,3,2640
201311,4,437
201311,5,1156
201311,6,118
201311,7,38
201311,9,1
201311,10,25
201311,11,48
201311,12,16
201311,13,3
201311,14,45
201311,15,4
201311,100,8
201311,101,11
201311,109,1
201310,-1,3045
201310,0,150514
201310,1,1157
201310,2,3736
201310,3,2711
201310,4,490
201310,5,1106
201310,6,105
201310,7,53
201310,10,34
201310,11,24
201310,12,1
201310,14,28
201310,15,9
201310,100,9
201310,101,6
201310,127,1
201309,-1,2160
201309,0,112786
201309,1,618
201309,2,2956
201309,3,2208
201309,4,279
201309,5,998
201309,6,72
201309,7,52
201309,8,2
201309,9,2
201309,10,20
201309,11,46
201309,12,7
201309,13,1
201309,14,73
201309,15,3
201309,100,15
201309,101,1
201309,127,1
201308,-1,2208
201308,0,107328
201308,1,467
201308,2,2900
201308,3,2433
201308,4,331
201308,5,1075
201308,6,106
201308,7,32
201308,10,26
201308,11,44
201308,12,2
201308,13,9
201308,14,16
201308,15,13
201308,100,17
201308,101,1
201308,108,1
201308,127,1
201307,-1,2237
201307,0,102439
201307,1,518
201307,2,3098
201307,3,2744
201307,4,728
201307,5,1182
201307,6,85
201307,7,33
201307,8,2
201307,10,9
201307,11,21
201307,12,48
201307,14,4
201307,15,6
201307,100,2
201307,101,6
201307,127,1
201306,-1,1108
201306,0,98868
201306,1,620
201306,2,3154
201306,3,2848
201306,4,1038
201306,5,1348
201306,6,106
201306,7,40
201306,10,22
201306,11,32
201306,12,13
201306,13,18
201306,14,30
201306,15,1
201306,100,14
201306,101,4
201305,-1,1239
201305,0,152579
201305,1,875
201305,2,3218
201305,3,3114
201305,4,735
201305,5,1511
201305,6,124
201305,7,67
201305,9,10
201305,10,43
201305,11,62
201305,12,17
201305,13,5
201305,14,25
201305,15,7
201305,100,7
201305,101,4
201305,108,1
201305,127,1
201304,-1,1572
201304,0,136604
201304,1,1051
201304,2,2696
201304,3,2850
201304,4,519
201304,5,940
201304,6,110
201304,7,37
201304,10,27
201304,11,15
201304,12,5
201304,13,2
201304,14,4
201304,15,7
201304,100,14
201304,101,2
201304,127,1
201303,-1,1756
201303,0,147281
201303,1,922
201303,2,2803
201303,3,2232
201303,4,353
201303,5,1108
201303,6,106
201303,7,35
201303,10,28
201303,11,32
201303,12,64
201303,13,1
201303,14,52
201303,15,5
201303,100,17
201303,101,1
201303,127,1
201302,-1,1428
201302,0,187186
201302,1,845
201302,2,2317
201302,3,1516
201302,4,852
201302,5,1031
201302,6,126
201302,7,11
201302,10,449
201302,11,10
201302,12,312
201302,13,1
201302,14,390
201302,15,7
201302,100,24
201302,101,6
201301,-1,235
201301,0,160936
201301,1,871
201301,2,2661
201301,3,2587
201301,4,500
201301,5,1226
201301,6,98
201301,7,56
201301,10,21
201301,11,153
201301,12,240
201301,13,4
201301,14,142
201301,15,9
201301,100,16
201212,-1,23
201212,0,139523
201212,1,891
201212,2,2206
201212,3,2859
201212,4,316
201212,5,1125
201212,6,100
201212,7,23
201212,10,53
201212,11,3
201212,12,100
201212,14,135
201212,15,2
201212,100,12
201212,101,3
201212,127,5
201211,-1,15
201211,0,178114
201211,1,892
201211,2,2678
201211,3,3031
201211,4,462
201211,5,1284
201211,6,71
201211,7,19
201211,10,24
201211,11,9
201211,12,233
201211,13,2
201211,14,139
201211,15,7
201211,100,8
201211,101,3
201210,-1,39
201210,0,194401
201210,1,931
201210,2,3116
201210,3,3553
201210,4,464
201210,5,1161
201210,6,105
201210,7,18
201210,10,31
201210,11,16
201210,12,206
201210,14,144
201210,15,3
201210,100,14
201210,101,2
201209,-1,8
201209,0,152950
201209,1,684
201209,2,1995
201209,3,3062
201209,4,443
201209,5,1072
201209,6,99
201209,7,14
201209,10,27
201209,11,19
201209,12,201
201209,14,131
201209,15,13
201209,100,9
201209,101,4
201209,108,3
201208,-1,15
201208,0,112814
201208,1,683
201208,2,2201
201208,3,4492
201208,4,272
201208,5,1147
201208,6,95
201208,7,35
201208,8,4
201208,9,6
201208,10,465
201208,11,8
201208,12,27
201208,13,1
201208,14,143
201208,15,4
201208,100,5
201208,101,1
201207,-1,24
201207,0,102775
201207,1,637
201207,2,1864
201207,3,3182
201207,4,227
201207,5,1131
201207,6,247
201207,7,17
201207,8,2
201207,9,2
201207,10,656
201207,11,7
201207,12,2
201207,13,1
201207,14,125
201207,15,1
201207,100,4
201207,101,2
201206,-1,881
201206,0,114901
201206,1,711
201206,2,1935
201206,3,2790
201206,4,268
201206,5,1275
201206,6,147
201206,7,21
201206,9,4
201206,10,711
201206,11,11
201206,13,1
201206,14,96
201206,15,2
201206,100,5
201206,101,3
201205,-1,18
201205,0,169374
201205,1,821
201205,2,2120
201205,3,2977
201205,4,275
201205,5,1330
201205,6,116
201205,7,17
201205,10,801
201205,11,5
201205,12,7
201205,14,114
201205,15,8
201205,100,18
201205,101,4
201204,-1,26
201204,0,164501
201204,1,924
201204,2,2137
201204,3,3956
201204,4,315
201204,5,1097
201204,6,157
201204,7,21
201204,10,555
201204,11,18
201204,14,139
201204,15,2
201204,100,4
201204,101,1
201203,-1,177
201203,0,174076
201203,1,1274
201203,2,2150
201203,3,4294
201203,4,310
201203,5,1016
201203,6,157
201203,7,50
201203,10,386
201203,11,17
201203,12,2
201203,13,8
201203,14,135
201203,15,7
201203,100,12
201202,-1,58
201202,0,186083
201202,1,1635
201202,2,1998
201202,3,4861
201202,4,359
201202,5,1306
201202,6,237
201202,7,81
201202,9,1
201202,10,268
201202,11,12
201202,12,5
201202,13,2
201202,14,182
201202,15,9
201202,100,30
201202,101,3
201201,-1,23
201201,0,180307
201201,1,1793
201201,2,2125
201201,3,4312
201201,4,361
201201,5,2599
201201,6,221
201201,7,48
201201,9,4
201201,10,53
201201,11,14
201201,12,6
201201,13,2
201201,14,147
201201,15,11
201201,100,29
201201,101,1
201201,109,1
201112,-1,13
201112,0,166105
201112,1,1384
201112,2,1721
201112,3,4763
201112,4,198
201112,5,747
201112,6,216
201112,7,34
201112,10,53
201112,11,13
201112,12,5
201112,13,6
201112,14,109
201112,15,6
201112,100,18
201112,101,6
201111,-1,42
201111,0,202592
201111,1,1378
201111,2,1606
201111,3,3920
201111,4,304
201111,5,754
201111,6,213
201111,7,23
201111,8,3
201111,9,1
201111,10,70
201111,11,6
201111,12,7
201111,13,2
201111,14,196
201111,15,7
201111,100,45
201111,101,5
201110,-1,19
201110,0,214917
201110,1,1451
201110,2,2168
201110,3,4496
201110,4,190
201110,5,791
201110,6,225
201110,7,40
201110,9,3
201110,10,56
201110,11,15
201110,12,9
201110,13,4
201110,14,151
201110,15,13
201110,100,36
201110,101,2
201109,-1,26
201109,0,162223
201109,1,1505
201109,2,2042
201109,3,4757
201109,4,240
201109,5,565
201109,6,224
201109,7,31
201109,9,9
201109,10,79
201109,11,8
201109,12,15
201109,13,2
201109,14,160
201109,15,11
201109,100,42
201109,101,5
201109,108,1
201108,-1,25
201108,0,124640
201108,1,1319
201108,2,2198
201108,3,4397
201108,4,209
201108,5,611
201108,6,291
201108,7,30
201108,9,1
201108,10,80
201108,11,8
201108,12,7
201108,13,6
201108,14,116
201108,15,3
201108,100,23
201108,101,1
201107,-1,18
201107,0,123057
201107,1,1143
201107,2,2369
201107,3,5254
201107,4,216
201107,5,591
201107,6,237
201107,7,26
201107,10,86
201107,11,14
201107,12,3
201107,13,2
201107,14,136
201107,15,4
201107,100,30
201106,-1,60
201106,0,136800
201106,1,1121
201106,2,2116
201106,3,1996
201106,4,310
201106,5,320
201106,6,348
201106,7,42
201106,9,1
201106,10,260
201106,11,14
201106,12,9
201106,13,3
201106,14,163
201106,15,7
201106,100,43
201106,101,4
201105,-1,65
201105,0,164213
201105,1,2176
201105,2,2319
201105,3,2553
201105,4,430
201105,5,543
201105,6,481
201105,7,52
201105,9,5
201105,10,286
201105,11,45
201105,12,1
201105,14,212
201105,15,16
201105,100,29
201105,101,1
201105,109,4
201104,-1,45
201104,0,153218
201104,1,1233
201104,2,2279
201104,3,2396
201104,4,440
201104,5,335
201104,6,325
201104,7,54
201104,10,83
201104,11,17
201104,12,7
201104,13,11
201104,14,174
201104,15,13
201104,100,50
201104,101,14
201104,108,2
201103,-1,73
201103,0,170693
201103,1,1425
201103,2,1176
201103,3,2592
201103,4,505
201103,5,266
201103,6,341
201103,7,56
201103,9,1
201103,10,115
201103,11,21
201103,12,9
201103,13,2
201103,14,173
201103,15,3
201103,100,71
201103,101,16
201103,108,1
201102,-1,44
201102,0,166526
201102,1,1459
201102,2,888
201102,3,2457
201102,4,493
201102,5,384
201102,6,481
201102,7,73
201102,10,99
201102,11,22
201102,12,8
201102,13,6
201102,14,195
201102,15,13
201102,100,68
201102,101,3
201102,108,1
201102,109,2
201101,-1,25
201101,0,174604
201101,1,1230
201101,2,882
201101,3,2412
201101,4,513
201101,5,105
201101,6,972
201101,7,39
201101,9,1
201101,10,95
201101,11,12
201101,12,5
201101,14,196
201101,15,4
201101,100,29
201101,101,11
201012,-1,25
201012,0,152027
201012,1,979
201012,2,1032
201012,3,2329
201012,4,469
201012,5,113
201012,6,348
201012,7,44
201012,10,94
201012,11,8
201012,12,13
201012,13,1
201012,14,213
201012,15,9
201012,100,30
201012,101,4
201011,-1,42
201011,0,188797
201011,1,1312
201011,2,1018
201011,3,2354
201011,4,847
201011,5,153
201011,6,368
201011,7,43
201011,10,100
201011,11,9
201011,12,12
201011,13,4
201011,14,209
201011,15,6
201011,100,52
201011,101,3
201010,-1,56
201010,0,199335
201010,1,1569
201010,2,1367
201010,3,2761
201010,4,719
201010,5,186
201010,6,336
201010,7,39
201010,9,2
201010,10,86
201010,11,12
201010,13,3
201010,14,203
201010,15,6
201010,100,36
201010,101,11
201010,108,1
201010,109,2
201009,-1,55
201009,0,168392
201009,1,1326
201009,2,1068
201009,3,2731
201009,4,289
201009,5,95
201009,6,365
201009,7,50
201009,8,6
201009,10,62
201009,11,2
201009,12,11
201009,13,6
201009,14,167
201009,15,5
201009,100,56
201009,101,20
201008,-1,33
201008,0,132660
201008,1,1080
201008,2,788
201008,3,2565
201008,4,235
201008,5,113
201008,6,462
201008,7,32
201008,10,62
201008,11,13
201008,12,7
201008,13,3
201008,14,205
201008,15,5
201008,100,57
201008,101,3
201007,-1,17
201007,0,122741
201007,1,1159
201007,2,467
201007,3,2447
201007,4,251
201007,5,114
201007,6,307
201007,7,30
201007,9,2
201007,10,75
201007,11,13
201007,12,3
201007,14,16
201007,15,10
201007,100,28
201007,101,5
201007,109,2
201006,-1,33
201006,0,140472
201006,1,1600
201006,2,566
201006,3,2329
201006,4,360
201006,5,205
201006,6,328
201006,7,34
201006,8,2
201006,10,78
201006,11,15
201006,12,12
201006,13,1
201006,14,37
201006,15,25
201006,100,58
201006,101,8
201006,108,1
201005,-1,111
201005,0,196709
201005,1,3100
201005,2,536
201005,3,4785
201005,4,559
201005,5,171
201005,6,453
201005,7,87
201005,10,118
201005,11,14
201005,12,9
201005,13,6
201005,14,41
201005,15,21
201005,100,94
201005,101,8
201004,-1,88
201004,0,186257
201004,1,3810
201004,2,429
201004,3,5332
201004,4,411
201004,5,194
201004,6,466
201004,7,110
201004,8,3
201004,9,2
201004,10,81
201004,11,15
201004,12,5
201004,13,8
201004,14,38
201004,15,17
201004,100,108
201004,101,6
201004,108,1
201003,-1,129
201003,0,206902
201003,1,4467
201003,2,592
201003,3,3403
201003,4,374
201003,5,190
201003,6,545
201003,7,90
201003,9,3
201003,10,165
201003,11,12
201003,12,9
201003,13,6
201003,14,58
201003,15,8
201003,100,129
201003,101,10
201002,-1,219
201002,0,197543
201002,1,4262
201002,2,339
201002,3,2419
201002,4,497
201002,5,149
201002,6,468
201002,7,84
201002,9,2
201002,10,184
201002,11,21
201002,12,15
201002,13,14
201002,14,56
201002,15,18
201002,100,79
201002,101,11
201001,-1,197
201001,0,184540
201001,1,3517
201001,2,310
201001,3,3530
201001,4,371
201001,5,146
201001,6,455
201001,7,68
201001,9,2
201001,10,99
201001,11,9
201001,12,5
201001,13,7
201001,14,32
201001,15,21
201001,100,48
201001,101,19
200912,-1,175
200912,0,155105
200912,1,2559
200912,2,454
200912,3,7064
200912,4,332
200912,5,141
200912,6,398
200912,7,37
200912,10,127
200912,11,6
200912,12,17
200912,13,3
200912,14,39
200912,15,17
200912,100,24
200912,101,8
200911,-1,150
200911,0,197009
200911,1,3054
200911,2,529
200911,3,8164
200911,4,408
200911,5,181
200911,6,386
200911,7,61
200911,10,155
200911,11,13
200911,12,14
200911,13,3
200911,14,32
200911,15,13
200911,100,41
200911,101,14
200910,-1,145
200910,0,217194
200910,1,3848
200910,2,847
200910,3,3160
200910,4,392
200910,5,237
200910,6,578
200910,7,112
200910,10,166
200910,11,30
200910,12,6
200910,13,19
200910,14,56
200910,15,15
200910,100,46
200910,101,14
200909,-1,35
200909,0,204873
200909,1,3444
200909,2,789
200909,3,2436
200909,4,405
200909,5,180
200909,6,612
200909,7,98
200909,9,1
200909,10,170
200909,11,31
200909,12,12
200909,13,7
200909,14,27
200909,15,14
200909,100,53
200909,101,21
200908,-1,95
200908,0,153210
200908,1,2768
200908,2,1079
200908,3,3258
200908,4,783
200908,5,225
200908,6,486
200908,7,58
200908,8,1
200908,9,4
200908,10,139
200908,11,41
200908,12,6
200908,13,9
200908,14,52
200908,15,11
200908,100,52
200908,101,4
200907,-1,124
200907,0,153371
200907,1,2290
200907,2,1157
200907,3,2367
200907,4,601
200907,5,192
200907,6,565
200907,7,85
200907,10,133
200907,11,9
200907,12,4
200907,13,16
200907,14,30
200907,15,15
200907,100,25
200907,101,9
200906,-1,141
200906,0,168961
200906,1,3219
200906,2,1448
200906,3,2659
200906,4,750
200906,5,365
200906,6,939
200906,7,98
200906,8,2
200906,9,3
200906,10,318
200906,11,69
200906,12,31
200906,13,16
200906,14,64
200906,15,20
200906,100,50
200906,101,23
200905,-1,156
200905,0,200002
200905,1,4150
200905,2,1680
200905,3,2557
200905,4,731
200905,5,296
200905,6,1325
200905,7,152
200905,9,3
200905,10,554
200905,11,35
200905,12,23
200905,13,5
200905,14,94
200905,15,24
200905,100,58
200905,101,34
200904,-1,24
200904,0,167947
200904,1,3158
200904,2,1960
200904,3,2228
200904,4,568
200904,5,183
200904,6,2186
200904,7,86
200904,9,5
200904,10,636
200904,11,25
200904,12,6
200904,13,11
200904,14,61
200904,15,16
200904,100,22
200904,101,30
200903,-1,418
200903,0,91967
200903,1,1599
200903,2,1986
200903,3,1510
200903,4,326
200903,5,107
200903,6,834
200903,7,47
200903,10,110
200903,11,10
200903,12,11
200903,13,5
200903,14,37
200903,15,10
200903,100,15
200903,101,16
